Workbook

Sheet Info
A2: We have a modular approach for the data classification
A3: HS= Helpersheet
A4: P=Persona
A5: A=Activity
A6: E=Entity

Sheet Original Dataset
A1: / | C1: Goal - Action | E1: Benefit - Action
A2: User Story Text | B2: Persona | C2: Activitiy | D2: Entity | E2: Activitiy | F2: Entity
A3: As a database admin, I want to create the database, so that I can successfully set up a new database. | B3: database admin | C3: create | D3: database | E3: create | F3: database
A4: As a user, I want to create the database, so that I can initialize a new database for storing data. | B4: user | C4: create | D4: database | E4: create | F4: database
A5: As a user, I want to create the database, so that I can begin organizing information in a new database. | B5: user | C5: create | D5: database | E5: create | F5: database
A6: As a test user, I want to manage the database rows, so that I can control and adjust stored rows as needed. | B6: test user | C6: manage | D6: database row | E6: manage | F6: database row
A7: As a user, I want to edit the database rows, so that I can update existing row information when necessary. | B7: user | C7: edit | D7: database row | E7: edit | F7: database row
A8: As a test user, I want to manage the database rows, so that I can maintain the row data used during testing. | B8: test user | C8: manage | D8: database row | E8: manage | F8: database row
A9: As a user, I want to manage the database rows, so that I can maintain accurate and organized row information. | B9: user | C9: manage | D9: database row | E9: edit | F9: database row
A10: As a test user, I want to edit the database rows, so that I can modify row values to support testing scenarios. | B10: test user | C10: edit | D10: database row | E10: manage | F10: database row
A11: As a user, I want to manage the database rows, so that I can ensure the stored rows remain correct and updated. | B11: user | C11: manage | D11: database row | E11: edit | F11: database row
A12: As a project lead, I want to manage the database, so that I can ensure the database remains consistent and reliable. | B12: project lead | C12: manage | D12: database | E12: manage | F12: database
A13: As a project leader, I want to manage the database, so that I can oversee and maintain database quality. | B13: project leader | C13: manage | D13: database | E13: manage | F13: database
... A15: As a project leader, I want to manage the database, so that I can ensure stable and secure database operations. | B15: project leader | C15: manage | D15: database | E15: manage | F15: database

Sheet Normalised
A1: / | C1: / | G1: Goal - Action (in their baseform) | J1: Benefit - Action (in their baseform)
A2: PID | B2: ORIGINAL USID | C2: User Story Text | D2: ID | E2: Persona | F2: ID | G2: Activitiy | H2: Entity | I2: ID | J2: Activitiy | K2: Entity
A3: 1 | B3: 1 | C3: As a database admin, I want to create the database, so that I can successfully set up a new database. | D3: =$B3 -> 1 | E3: database admin | F3: =$B3 -> 1 | G3: create | H3: database | I3: =$B3 -> 1 | J3: create | K3: database
A4: 1 | B4: 2 | C4: As a user, I want to create the database, so that I can initialize a new database for storing data. | D4: =$B4 -> 2 | E4: user | F4: =$B4 -> 2 | G4: create | H4: database | I4: =$B4 -> 2 | J4: create | K4: database
A5: 1 | B5: 3 | C5: As a user, I want to create the database, so that I can begin organizing information in a new database. | D5: =$B5 -> 3 | E5: user | F5: =$B5 -> 3 | G5: create | H5: database | I5: =$B5 -> 3 | J5: create | K5: database
A6: 1 | B6: 4 | C6: As a test user, I want to manage the database rows, so that I can control and adjust stored rows as needed. | D6: =$B6 -> 4 | E6: test user | F6: =$B6 -> 4 | G6: manage | H6: database row | I6: =$B6 -> 4 | J6: manage | K6: database row
A7: 1 | B7: 5 | C7: As a user, I want to edit the database rows, so that I can update existing row information when necessary. | D7: =$B7 -> 5 | E7: user | F7: =$B7 -> 5 | G7: edit | H7: database row | I7: =$B7 -> 5 | J7: edit | K7: database row
A8: 1 | B8: 6 | C8: As a test user, I want to manage the database rows, so that I can maintain the row data used during testing. | D8: =$B8 -> 6 | E8: test user | F8: =$B8 -> 6 | G8: manage | H8: database row | I8: =$B8 -> 6 | J8: manage | K8: database row
A9: 11 | B9: 7 | C9: As a user, I want to manage the database rows, so that I can maintain accurate and organized row information. | D9: =$B9 -> 7 | E9: user | F9: =$B9 -> 7 | G9: manage | H9: database row | I9: =$B9 -> 7 | J9: edit | K9: database row
A10: 1 | B10: 8 | C10: As a test user, I want to edit the database rows, so that I can modify row values to support testing scenarios. | D10: =$B10 -> 8 | E10: test user | F10: =$B10 -> 8 | G10: edit | H10: database row | I10: =$B10 -> 8 | J10: manage | K10: database row
A11: 1 | B11: 9 | C11: As a user, I want to manage the database rows, so that I can ensure the stored rows remain correct and updated. | D11: =$B11 -> 9 | E11: user | F11: =$B11 -> 9 | G11: manage | H11: database row | I11: =$B11 -> 9 | J11: edit | K11: database row
A12: 1 | B12: 10 | C12: As a project lead, I want to manage the database, so that I can ensure the database remains consistent and reliable. | D12: =$B12 -> 10 | E12: project lead | F12: =$B12 -> 10 | G12: manage | H12: database | I12: =$B12 -> 10 | J12: manage | K12: database
A13: 1 | B13: 11 | C13: As a project leader, I want to manage the database, so that I can oversee and maintain database quality. | D13: =$B13 -> 11 | E13: project leader | F13: =$B13 -> 11 | G13: manage | H13: database | I13: =$B13 -> 11 | J13: manage | K13: database
A14: 1 | B14: 12 | C14: As a project lead, I want to manage the database, so that I can keep the project’s data organized and maintained. | D14: =$B14 -> 12 | E14: project lead | F14: =$B14 -> 12 | G14: manage | H14: database | I14: =$B14 -> 12 | J14: manage | K14: database
A15: 1 | B15: 13 | C15: As a project leader, I want to manage the database, so that I can ensure stable and secure database operations. | D15: =$B15 -> 13 | E15: project leader | F15: =$B15 -> 13 | G15: manage | H15: database | I15: =$B15 -> 13 | J15: manage | K15: database

Sheet CRUD-MAPPING
B1: CRUD-Mapping (Possibilities C=Create, R=Read, U=Update, D=Delete)
A2: User Story | B2: Activitiy | C2: Mapped | D2: Mapped | E2: Mapped | F2: Majority Decision | G2: First Appearance in Goal-Part (USID) | H2: All Appearances in Goal-Part (USIDs) | I2: First Appearance in USIDs in Benefit-Part | J2: All Appearances in Benefit-Part (USIDs) | L2: context mit nehmen (mit für die Eval nehmen) | M2: wir könnten auch nur mal anschauen wie die Verbs gematched werden
B3: create | C3: c | D3: c | E3: d | F3: {=INDEX(_xlfn.UNIQUE($C3:$E3), MODE(MATCH(_xlfn.UNIQUE($C3:$E3), $C3:$E3, 0)))} -> c | G3: =_xlfn.XLOOKUP($B3, Normalised!G:G, Normalised!F:F, "") -> 1 | H3: {=IFERROR(_xlfn.TEXTJOIN(",", TRUE, _xlfn._xlws.SORT(VALUE(_xlfn._xlws.FILTER(Normalised!F:F, Normalised!G:G=$B3)))),"")} -> 1,2,3 | I3: =_xlfn.XLOOKUP($B3, Normalised!J:J, Normalised!I:I, "") -> 1 | J3: {=IFERROR(_xlfn.TEXTJOIN(",", TRUE, _xlfn._xlws.SORT(VALUE(_xlfn._xlws.FILTER(Normalised!I:I, Normalised!J:J=$B3)))), "")} -> 1,2,3
B4: manage | C4: u | D4: u | E4: u | F4: {=INDEX(_xlfn.UNIQUE($C4:$E4), MODE(MATCH(_xlfn.UNIQUE($C4:$E4), $C4:$E4, 0)))} -> u | G4: =_xlfn.XLOOKUP($B4, Normalised!G:G, Normalised!F:F, "") -> 4 | H4: {=IFERROR(_xlfn.TEXTJOIN(",", TRUE, _xlfn._xlws.SORT(VALUE(_xlfn._xlws.FILTER(Normalised!F:F, Normalised!G:G=$B4)))),"")} -> 4,6,7,9,10,11,12,13 | I4: =_xlfn.XLOOKUP($B4, Normalised!J:J, Normalised!I:I, "") -> 4 | J4: {=IFERROR(_xlfn.TEXTJOIN(",", TRUE, _xlfn._xlws.SORT(VALUE(_xlfn._xlws.FILTER(Normalised!I:I, Normalised!J:J=$B4)))), "")} -> 4,6,8,10,11,12,13
B5: edit | C5: u | D5: u | E5: u | F5: {=INDEX(_xlfn.UNIQUE($C5:$E5), MODE(MATCH(_xlfn.UNIQUE($C5:$E5), $C5:$E5, 0)))} -> u | G5: =_xlfn.XLOOKUP($B5, Normalised!G:G, Normalised!F:F, "") -> 5 | H5: {=IFERROR(_xlfn.TEXTJOIN(",", TRUE, _xlfn._xlws.SORT(VALUE(_xlfn._xlws.FILTER(Normalised!F:F, Normalised!G:G=$B5)))),"")} -> 5,8 | I5: =_xlfn.XLOOKUP($B5, Normalised!J:J, Normalised!I:I, "") -> 5 | J5: {=IFERROR(_xlfn.TEXTJOIN(",", TRUE, _xlfn._xlws.SORT(VALUE(_xlfn._xlws.FILTER(Normalised!I:I, Normalised!J:J=$B5)))), "")} -> 5,7,9

Sheet HS4SemOfE
A1: Entity 1 | B1: Entity 2 | C1: Entity 2 is semantical equivalent to Activity 1 (yes/no) | D1: Entity 2 is semantical equivalent to Activity 1 (yes/no) | E1: Entity 2 is semantical equivalent to Activity 1 (yes/no) | F1: Majority Vote Result | G1: First Appearance in Goal-Part (USID) | H1: ALL Appearances in Goal-Part (USIDs) | I1: First Appearance in Benefit-Part (USID) | J1: ALL Appearances in Benefit-Part (USIDs) | L1: We consider only unique pairs as if "database entry" == "database entry point" or "database entry point" == "database entry" is semantically equivalent. In addition, the formula removes reflexive USIDs (e.g., 11--11) and deduplicates symmetric pairs, ensuring that combinations like 11--13 and 13--11 appear only once.
A2: database | B2: database row | C2: 0 | D2: 0 | E2: 0 | F2: =IF(SUM($C2:$E2)>=2,1,0) -> 0 | G2: {=IF($F2<>1, "", _xlfn.LET( _xlpm.a, _xlfn._xlws.SORT(_xlfn.UNIQUE(--_xlfn._xlws.FILTER(Normalised!F:F, Normalised!H:H=$B2))), _xlpm.b, _xlfn._xlws.SORT(_xlfn.UNIQUE(--_xlfn._xlws.FILTER(Normalised!F:F, Normalised!H:H=$A2))), _xlpm.combos, _xlfn.MAKEARRAY(ROWS(_xlpm.a)*ROWS(_xlpm.b), 1, _xlfn.LAMBDA(_xlpm.r,_xlpm.c, _xlfn.LET( _xlpm.x, INDEX(_xlpm.a, 1+MOD(_xlpm.r-1, ROWS(_xlpm.a))), _xlpm.y, INDEX(_xlpm.b, 1+INT((_xlpm.r-1)/ROWS(_xlpm.a))), IF(_xlpm.x=_xlpm.y, "", _xlpm.x & "--" & _xlpm.y) ) ) ), _xlpm.cleaned, _xlfn._xlws.SORT(_xlfn._xlws.FILTER(_xlpm.combos, _xlpm.combos<>"")), IF(COUNTA(_xlpm.cleaned)=0, "", INDEX(_xlpm.cleaned,1)) ) )} | H2: {=IF($F2<>1, "", _xlfn.LET( _xlpm.a, _xlfn._xlws.SORT(_xlfn.UNIQUE(--_xlfn._xlws.FILTER(Normalised!F:F, Normalised!H:H=$A2))), _xlpm.b, _xlfn._xlws.SORT(_xlfn.UNIQUE(--_xlfn._xlws.FILTER(Normalised!F:F, Normalised!H:H=$B2))), IF(OR(COUNTA(_xlpm.a)=0, COUNTA(_xlpm.b)=0), "", _xlfn.TEXTJOIN(", ", TRUE, _xlfn._xlws.SORT( _xlfn.MAKEARRAY(ROWS(_xlpm.a)*ROWS(_xlpm.b), 1, _xlfn.LAMBDA(_xlpm.r,_xlpm.c, _xlfn.LET( _xlpm.x, INDEX(_xlpm.a, 1+MOD(_xlpm.r-1, ROWS(_xlpm.a))), _xlpm.y, INDEX(_xlpm.b, 1+INT((_xlpm.r-1)/ROWS(_xlpm.a))), IF(OR(_xlpm.x=_xlpm.y, _xlpm.x>_xlpm.y), "", _xlpm.x & "--" & _xlpm.y) ) ) ) ) ) ) ) )} | I2: {=IF($F2<>1, "", _xlfn.LET( _xlpm.a, _xlfn._xlws.SORT(_xlfn.UNIQUE(--_xlfn._xlws.FILTER(Normalised!I:I, Normalised!K:K=$B2))), _xlpm.b, _xlfn._xlws.SORT(_xlfn.UNIQUE(--_xlfn._xlws.FILTER(Normalised!I:I, Normalised!K:K=$A2))), _xlpm.combos, _xlfn.MAKEARRAY(ROWS(_xlpm.a)*ROWS(_xlpm.b), 1, _xlfn.LAMBDA(_xlpm.r,_xlpm.c, _xlfn.LET( _xlpm.x, INDEX(_xlpm.a, 1+MOD(_xlpm.r-1, ROWS(_xlpm.a))), _xlpm.y, INDEX(_xlpm.b, 1+INT((_xlpm.r-1)/ROWS(_xlpm.a))), IF(_xlpm.x=_xlpm.y, "", _xlpm.x & "--" & _xlpm.y) ) ) ), _xlpm.cleaned, _xlfn._xlws.SORT(_xlfn._xlws.FILTER(_xlpm.combos, _xlpm.combos<>"")), IF(COUNTA(_xlpm.cleaned)=0, "", INDEX(_xlpm.cleaned,1)) ) )} | J2: {=IF($F2<>1, "", _xlfn.LET( _xlpm.a, _xlfn._xlws.SORT(_xlfn.UNIQUE(--_xlfn._xlws.FILTER(Normalised!I:I, Normalised!K:K=$A2))), _xlpm.b, _xlfn._xlws.SORT(_xlfn.UNIQUE(--_xlfn._xlws.FILTER(Normalised!I:I, Normalised!K:K=$B2))), IF(OR(COUNTA(_xlpm.a)=0, COUNTA(_xlpm.b)=0), "", _xlfn.TEXTJOIN(", ", TRUE, _xlfn._xlws.SORT( _xlfn.MAKEARRAY(ROWS(_xlpm.a)*ROWS(_xlpm.b), 1, _xlfn.LAMBDA(_xlpm.r,_xlpm.c, _xlfn.LET( _xlpm.x, INDEX(_xlpm.a, 1+MOD(_xlpm.r-1, ROWS(_xlpm.a))), _xlpm.y, INDEX(_xlpm.b, 1+INT((_xlpm.r-1)/ROWS(_xlpm.a))), IF(OR(_xlpm.x=_xlpm.y, _xlpm.x>_xlpm.y), "", _xlpm.x & "--" & _xlpm.y) ) ) ) ) ) ) ) )}
A3: database row | B3: database | C3: 0 | D3: 0 | E3: 0 | F3: =IF(SUM($C3:$E3)>=2,1,0) -> 0 | G3: {=IF($F3<>1, "", _xlfn.LET( _xlpm.a, _xlfn._xlws.SORT(_xlfn.UNIQUE(--_xlfn._xlws.FILTER(Normalised!F:F, Normalised!H:H=$B3))), _xlpm.b, _xlfn._xlws.SORT(_xlfn.UNIQUE(--_xlfn._xlws.FILTER(Normalised!F:F, Normalised!H:H=$A3))), _xlpm.combos, _xlfn.MAKEARRAY(ROWS(_xlpm.a)*ROWS(_xlpm.b), 1, _xlfn.LAMBDA(_xlpm.r,_xlpm.c, _xlfn.LET( _xlpm.x, INDEX(_xlpm.a, 1+MOD(_xlpm.r-1, ROWS(_xlpm.a))), _xlpm.y, INDEX(_xlpm.b, 1+INT((_xlpm.r-1)/ROWS(_xlpm.a))), IF(_xlpm.x=_xlpm.y, "", _xlpm.x & "--" & _xlpm.y) ) ) ), _xlpm.cleaned, _xlfn._xlws.SORT(_xlfn._xlws.FILTER(_xlpm.combos, _xlpm.combos<>"")), IF(COUNTA(_xlpm.cleaned)=0, "", INDEX(_xlpm.cleaned,1)) ) )} | H3: {=IF($F3<>1, "", _xlfn.LET( _xlpm.a, _xlfn._xlws.SORT(_xlfn.UNIQUE(--_xlfn._xlws.FILTER(Normalised!F:F, Normalised!H:H=$A3))), _xlpm.b, _xlfn._xlws.SORT(_xlfn.UNIQUE(--_xlfn._xlws.FILTER(Normalised!F:F, Normalised!H:H=$B3))), IF(OR(COUNTA(_xlpm.a)=0, COUNTA(_xlpm.b)=0), "", _xlfn.TEXTJOIN(", ", TRUE, _xlfn._xlws.SORT( _xlfn.MAKEARRAY(ROWS(_xlpm.a)*ROWS(_xlpm.b), 1, _xlfn.LAMBDA(_xlpm.r,_xlpm.c, _xlfn.LET( _xlpm.x, INDEX(_xlpm.a, 1+MOD(_xlpm.r-1, ROWS(_xlpm.a))), _xlpm.y, INDEX(_xlpm.b, 1+INT((_xlpm.r-1)/ROWS(_xlpm.a))), IF(OR(_xlpm.x=_xlpm.y, _xlpm.x>_xlpm.y), "", _xlpm.x & "--" & _xlpm.y) ) ) ) ) ) ) ) )} | I3: {=IF($F3<>1, "", _xlfn.LET( _xlpm.a, _xlfn._xlws.SORT(_xlfn.UNIQUE(--_xlfn._xlws.FILTER(Normalised!I:I, Normalised!K:K=$B3))), _xlpm.b, _xlfn._xlws.SORT(_xlfn.UNIQUE(--_xlfn._xlws.FILTER(Normalised!I:I, Normalised!K:K=$A3))), _xlpm.combos, _xlfn.MAKEARRAY(ROWS(_xlpm.a)*ROWS(_xlpm.b), 1, _xlfn.LAMBDA(_xlpm.r,_xlpm.c, _xlfn.LET( _xlpm.x, INDEX(_xlpm.a, 1+MOD(_xlpm.r-1, ROWS(_xlpm.a))), _xlpm.y, INDEX(_xlpm.b, 1+INT((_xlpm.r-1)/ROWS(_xlpm.a))), IF(_xlpm.x=_xlpm.y, "", _xlpm.x & "--" & _xlpm.y) ) ) ), _xlpm.cleaned, _xlfn._xlws.SORT(_xlfn._xlws.FILTER(_xlpm.combos, _xlpm.combos<>"")), IF(COUNTA(_xlpm.cleaned)=0, "", INDEX(_xlpm.cleaned,1)) ) )} | J3: {=IF($F3<>1, "", _xlfn.LET( _xlpm.a, _xlfn._xlws.SORT(_xlfn.UNIQUE(--_xlfn._xlws.FILTER(Normalised!I:I, Normalised!K:K=$A3))), _xlpm.b, _xlfn._xlws.SORT(_xlfn.UNIQUE(--_xlfn._xlws.FILTER(Normalised!I:I, Normalised!K:K=$B3))), IF(OR(COUNTA(_xlpm.a)=0, COUNTA(_xlpm.b)=0), "", _xlfn.TEXTJOIN(", ", TRUE, _xlfn._xlws.SORT( _xlfn.MAKEARRAY(ROWS(_xlpm.a)*ROWS(_xlpm.b), 1, _xlfn.LAMBDA(_xlpm.r,_xlpm.c, _xlfn.LET( _xlpm.x, INDEX(_xlpm.a, 1+MOD(_xlpm.r-1, ROWS(_xlpm.a))), _xlpm.y, INDEX(_xlpm.b, 1+INT((_xlpm.r-1)/ROWS(_xlpm.a))), IF(OR(_xlpm.x=_xlpm.y, _xlpm.x>_xlpm.y), "", _xlpm.x & "--" & _xlpm.y) ) ) ) ) ) ) ) )}
A4: database | B4: database | C4: 1 | D4: 1 | E4: 1 | F4: =IF(SUM($C4:$E4)>=2,1,0) -> 1 | G4: {=IF($F4<>1, "", _xlfn.LET( _xlpm.a, _xlfn._xlws.SORT(_xlfn.UNIQUE(--_xlfn._xlws.FILTER(Normalised!F:F, Normalised!H:H=$B4))), _xlpm.b, _xlfn._xlws.SORT(_xlfn.UNIQUE(--_xlfn._xlws.FILTER(Normalised!F:F, Normalised!H:H=$A4))), _xlpm.combos, _xlfn.MAKEARRAY(ROWS(_xlpm.a)*ROWS(_xlpm.b), 1, _xlfn.LAMBDA(_xlpm.r,_xlpm.c, _xlfn.LET( _xlpm.x, INDEX(_xlpm.a, 1+MOD(_xlpm.r-1, ROWS(_xlpm.a))), _xlpm.y, INDEX(_xlpm.b, 1+INT((_xlpm.r-1)/ROWS(_xlpm.a))), IF(_xlpm.x=_xlpm.y, "", _xlpm.x & "--" & _xlpm.y) ) ) ), _xlpm.cleaned, _xlfn._xlws.SORT(_xlfn._xlws.FILTER(_xlpm.combos, _xlpm.combos<>"")), IF(COUNTA(_xlpm.cleaned)=0, "", INDEX(_xlpm.cleaned,1)) ) )} -> 10--1 | H4: {=IF($F4<>1, "", _xlfn.LET( _xlpm.a, _xlfn._xlws.SORT(_xlfn.UNIQUE(--_xlfn._xlws.FILTER(Normalised!F:F, Normalised!H:H=$A4))), _xlpm.b, _xlfn._xlws.SORT(_xlfn.UNIQUE(--_xlfn._xlws.FILTER(Normalised!F:F, Normalised!H:H=$B4))), IF(OR(COUNTA(_xlpm.a)=0, COUNTA(_xlpm.b)=0), "", _xlfn.TEXTJOIN(", ", TRUE, _xlfn._xlws.SORT( _xlfn.MAKEARRAY(ROWS(_xlpm.a)*ROWS(_xlpm.b), 1, _xlfn.LAMBDA(_xlpm.r,_xlpm.c, _xlfn.LET( _xlpm.x, INDEX(_xlpm.a, 1+MOD(_xlpm.r-1, ROWS(_xlpm.a))), _xlpm.y, INDEX(_xlpm.b, 1+INT((_xlpm.r-1)/ROWS(_xlpm.a))), IF(OR(_xlpm.x=_xlpm.y, _xlpm.x>_xlpm.y), "", _xlpm.x & "--" & _xlpm.y) ) ) ) ) ) ) ) )} -> 10--11, 10--12, 10--13, 1--10, 1--11, 11--12, 11--13, 1--12, 1--13, 1--2, 12--13, 1--3, 2--10, 2--11, 2--12, 2--13, 2--3, 3--10, 3--11, 3--12, 3--13 | I4: {=IF($F4<>1, "", _xlfn.LET( _xlpm.a, _xlfn._xlws.SORT(_xlfn.UNIQUE(--_xlfn._xlws.FILTER(Normalised!I:I, Normalised!K:K=$B4))), _xlpm.b, _xlfn._xlws.SORT(_xlfn.UNIQUE(--_xlfn._xlws.FILTER(Normalised!I:I, Normalised!K:K=$A4))), _xlpm.combos, _xlfn.MAKEARRAY(ROWS(_xlpm.a)*ROWS(_xlpm.b), 1, _xlfn.LAMBDA(_xlpm.r,_xlpm.c, _xlfn.LET( _xlpm.x, INDEX(_xlpm.a, 1+MOD(_xlpm.r-1, ROWS(_xlpm.a))), _xlpm.y, INDEX(_xlpm.b, 1+INT((_xlpm.r-1)/ROWS(_xlpm.a))), IF(_xlpm.x=_xlpm.y, "", _xlpm.x & "--" & _xlpm.y) ) ) ), _xlpm.cleaned, _xlfn._xlws.SORT(_xlfn._xlws.FILTER(_xlpm.combos, _xlpm.combos<>"")), IF(COUNTA(_xlpm.cleaned)=0, "", INDEX(_xlpm.cleaned,1)) ) )} -> 10--1 | J4: {=IF($F4<>1, "", _xlfn.LET( _xlpm.a, _xlfn._xlws.SORT(_xlfn.UNIQUE(--_xlfn._xlws.FILTER(Normalised!I:I, Normalised!K:K=$A4))), _xlpm.b, _xlfn._xlws.SORT(_xlfn.UNIQUE(--_xlfn._xlws.FILTER(Normalised!I:I, Normalised!K:K=$B4))), IF(OR(COUNTA(_xlpm.a)=0, COUNTA(_xlpm.b)=0), "", _xlfn.TEXTJOIN(", ", TRUE, _xlfn._xlws.SORT( _xlfn.MAKEARRAY(ROWS(_xlpm.a)*ROWS(_xlpm.b), 1, _xlfn.LAMBDA(_xlpm.r,_xlpm.c, _xlfn.LET( _xlpm.x, INDEX(_xlpm.a, 1+MOD(_xlpm.r-1, ROWS(_xlpm.a))), _xlpm.y, INDEX(_xlpm.b, 1+INT((_xlpm.r-1)/ROWS(_xlpm.a))), IF(OR(_xlpm.x=_xlpm.y, _xlpm.x>_xlpm.y), "", _xlpm.x & "--" & _xlpm.y) ) ) ) ) ) ) ) )} -> 10--11, 10--12, 10--13, 1--10, 1--11, 11--12, 11--13, 1--12, 1--13, 1--2, 12--13, 1--3, 2--10, 2--11, 2--12, 2--13, 2--3, 3--10, 3--11, 3--12, 3--13 | M4: semantisch äquivalenent ist gleich und ähnlich oder halt auch abkürzungen und so
A5: database row | B5: database row | C5: 1 | D5: 1 | E5: 1 | F5: =IF(SUM($C5:$E5)>=2,1,0) -> 1 | G5: {=IF($F5<>1, "", _xlfn.LET( _xlpm.a, _xlfn._xlws.SORT(_xlfn.UNIQUE(--_xlfn._xlws.FILTER(Normalised!F:F, Normalised!H:H=$B5))), _xlpm.b, _xlfn._xlws.SORT(_xlfn.UNIQUE(--_xlfn._xlws.FILTER(Normalised!F:F, Normalised!H:H=$A5))), _xlpm.combos, _xlfn.MAKEARRAY(ROWS(_xlpm.a)*ROWS(_xlpm.b), 1, _xlfn.LAMBDA(_xlpm.r,_xlpm.c, _xlfn.LET( _xlpm.x, INDEX(_xlpm.a, 1+MOD(_xlpm.r-1, ROWS(_xlpm.a))), _xlpm.y, INDEX(_xlpm.b, 1+INT((_xlpm.r-1)/ROWS(_xlpm.a))), IF(_xlpm.x=_xlpm.y, "", _xlpm.x & "--" & _xlpm.y) ) ) ), _xlpm.cleaned, _xlfn._xlws.SORT(_xlfn._xlws.FILTER(_xlpm.combos, _xlpm.combos<>"")), IF(COUNTA(_xlpm.cleaned)=0, "", INDEX(_xlpm.cleaned,1)) ) )} -> 4--5 | H5: {=IF($F5<>1, "", _xlfn.LET( _xlpm.a, _xlfn._xlws.SORT(_xlfn.UNIQUE(--_xlfn._xlws.FILTER(Normalised!F:F, Normalised!H:H=$A5))), _xlpm.b, _xlfn._xlws.SORT(_xlfn.UNIQUE(--_xlfn._xlws.FILTER(Normalised!F:F, Normalised!H:H=$B5))), IF(OR(COUNTA(_xlpm.a)=0, COUNTA(_xlpm.b)=0), "", _xlfn.TEXTJOIN(", ", TRUE, _xlfn._xlws.SORT( _xlfn.MAKEARRAY(ROWS(_xlpm.a)*ROWS(_xlpm.b), 1, _xlfn.LAMBDA(_xlpm.r,_xlpm.c, _xlfn.LET( _xlpm.x, INDEX(_xlpm.a, 1+MOD(_xlpm.r-1, ROWS(_xlpm.a))), _xlpm.y, INDEX(_xlpm.b, 1+INT((_xlpm.r-1)/ROWS(_xlpm.a))), IF(OR(_xlpm.x=_xlpm.y, _xlpm.x>_xlpm.y), "", _xlpm.x & "--" & _xlpm.y) ) ) ) ) ) ) ) )} -> 4--5, 4--6, 4--7, 4--8, 4--9, 5--6, 5--7, 5--8, 5--9, 6--7, 6--8, 6--9, 7--8, 7--9, 8--9 | I5: {=IF($F5<>1, "", _xlfn.LET( _xlpm.a, _xlfn._xlws.SORT(_xlfn.UNIQUE(--_xlfn._xlws.FILTER(Normalised!I:I, Normalised!K:K=$B5))), _xlpm.b, _xlfn._xlws.SORT(_xlfn.UNIQUE(--_xlfn._xlws.FILTER(Normalised!I:I, Normalised!K:K=$A5))), _xlpm.combos, _xlfn.MAKEARRAY(ROWS(_xlpm.a)*ROWS(_xlpm.b), 1, _xlfn.LAMBDA(_xlpm.r,_xlpm.c, _xlfn.LET( _xlpm.x, INDEX(_xlpm.a, 1+MOD(_xlpm.r-1, ROWS(_xlpm.a))), _xlpm.y, INDEX(_xlpm.b, 1+INT((_xlpm.r-1)/ROWS(_xlpm.a))), IF(_xlpm.x=_xlpm.y, "", _xlpm.x & "--" & _xlpm.y) ) ) ), _xlpm.cleaned, _xlfn._xlws.SORT(_xlfn._xlws.FILTER(_xlpm.combos, _xlpm.combos<>"")), IF(COUNTA(_xlpm.cleaned)=0, "", INDEX(_xlpm.cleaned,1)) ) )} -> 4--5 | J5: {=IF($F5<>1, "", _xlfn.LET( _xlpm.a, _xlfn._xlws.SORT(_xlfn.UNIQUE(--_xlfn._xlws.FILTER(Normalised!I:I, Normalised!K:K=$A5))), _xlpm.b, _xlfn._xlws.SORT(_xlfn.UNIQUE(--_xlfn._xlws.FILTER(Normalised!I:I, Normalised!K:K=$B5))), IF(OR(COUNTA(_xlpm.a)=0, COUNTA(_xlpm.b)=0), "", _xlfn.TEXTJOIN(", ", TRUE, _xlfn._xlws.SORT( _xlfn.MAKEARRAY(ROWS(_xlpm.a)*ROWS(_xlpm.b), 1, _xlfn.LAMBDA(_xlpm.r,_xlpm.c, _xlfn.LET( _xlpm.x, INDEX(_xlpm.a, 1+MOD(_xlpm.r-1, ROWS(_xlpm.a))), _xlpm.y, INDEX(_xlpm.b, 1+INT((_xlpm.r-1)/ROWS(_xlpm.a))), IF(OR(_xlpm.x=_xlpm.y, _xlpm.x>_xlpm.y), "", _xlpm.x & "--" & _xlpm.y) ) ) ) ) ) ) ) )} -> 4--5, 4--6, 4--7, 4--8, 4--9, 5--6, 5--7, 5--8, 5--9, 6--7, 6--8, 6--9, 7--8, 7--9, 8--9
